{
  "state": {
    "isStdOutTTY": true,
    "isStdErrTTY": true,
    "testRunDurationMs": 304701.743854
  },
  "metrics": {
    "vus_max": {
      "type": "gauge",
      "contains": "default",
      "values": {
        "min": 150,
        "max": 150,
        "value": 150
      }
    },
    "total_orders": {
      "type": "counter",
      "contains": "default",
      "values": {
        "count": 47,
        "rate": 0.15424919925145025
      }
    },
    "http_req_sending": {
      "type": "trend",
      "contains": "time",
      "values": {
        "avg": 0.07299206216037385,
        "min": 0.008938,
        "med": 0.02521,
        "max": 43.866403,
        "p(90)": 0.049669,
        "p(95)": 0.060864
      }
    },
    "data_received": {
      "type": "counter",
      "contains": "data",
      "values": {
        "count": 983088823,
        "rate": 3226397.1008681003
      }
    },
    "http_req_connecting": {
      "type": "trend",
      "contains": "time",
      "values": {
        "avg": 0.055182562548517874,
        "min": 0,
        "med": 0,
        "max": 39.672267,
        "p(90)": 0,
        "p(95)": 0
      }
    },
    "browse_response_time": {
      "type": "trend",
      "contains": "time",
      "values": {
        "max": 1390,
        "p(90)": 46,
        "p(95)": 57,
        "avg": 45.07451984635083,
        "min": 10,
        "med": 29
      }
    },
    "cart_response_time": {
      "type": "trend",
      "contains": "time",
      "values": {
        "avg": 41.25850640742377,
        "min": 19,
        "med": 28,
        "max": 1310,
        "p(90)": 41,
        "p(95)": 53
      }
    },
    "iteration_duration": {
      "contains": "time",
      "values": {
        "p(95)": 4942.5514060000005,
        "avg": 4053.0606367139317,
        "min": 3012.801402,
        "med": 4053.064958,
        "max": 6268.044662,
        "p(90)": 4845.473231
      },
      "type": "trend"
    },
    "http_req_failed": {
      "values": {
        "fails": 22573,
        "rate": 0.3509962335758029,
        "passes": 12208
      },
      "type": "rate",
      "contains": "default"
    },
    "group_duration": {
      "type": "trend",
      "contains": "time",
      "values": {
        "p(95)": 4942.471988,
        "avg": 4052.9616647233356,
        "min": 3012.699745,
        "med": 4052.929191,
        "max": 6267.96749,
        "p(90)": 4845.3563699999995
      }
    },
    "http_req_blocked": {
      "type": "trend",
      "contains": "time",
      "values": {
        "p(90)": 0.012249,
        "p(95)": 0.018528,
        "avg": 0.06582176602167815,
        "min": 0.003025,
        "med": 0.006696,
        "max": 39.781145
      }
    },
    "http_req_tls_handshaking": {
      "type": "trend",
      "contains": "time",
      "values": {
        "p(95)": 0,
        "avg": 0,
        "min": 0,
        "med": 0,
        "max": 0,
        "p(90)": 0
      }
    },
    "error_rate": {
      "contains": "default",
      "values": {
        "rate": 0.9554367201426025,
        "passes": 3216,
        "fails": 150
      },
      "thresholds": {
        "rate<0.01": {
          "ok": false
        }
      },
      "type": "rate"
    },
    "http_reqs": {
      "type": "counter",
      "contains": "default",
      "values": {
        "rate": 114.1476893439296,
        "count": 34781
      }
    },
    "http_req_duration": {
      "type": "trend",
      "contains": "time",
      "values": {
        "med": 7.150135,
        "max": 1223.047958,
        "p(90)": 18.606563,
        "p(95)": 24.116357,
        "avg": 14.438580019062032,
        "min": 0.367973
      }
    },
    "http_req_duration{expected_response:true}": {
      "type": "trend",
      "contains": "time",
      "values": {
        "avg": 16.97872770965304,
        "min": 0.367973,
        "med": 10.437901,
        "max": 1223.047958,
        "p(90)": 20.9474658,
        "p(95)": 27.104018599999996
      }
    },
    "vus": {
      "type": "gauge",
      "contains": "default",
      "values": {
        "value": 15,
        "min": 15,
        "max": 150
      }
    },
    "data_sent": {
      "type": "counter",
      "contains": "data",
      "values": {
        "count": 9819373,
        "rate": 32226.17920002789
      }
    },
    "iterations": {
      "type": "counter",
      "contains": "default",
      "values": {
        "count": 11176,
        "rate": 36.67849044328102
      }
    },
    "checks": {
      "type": "rate",
      "contains": "default",
      "values": {
        "rate": 0.6095314249160403,
        "passes": 19057,
        "fails": 12208
      }
    },
    "order_response_time": {
      "type": "trend",
      "contains": "time",
      "values": {
        "avg": 59.00453309156845,
        "min": 21,
        "med": 29,
        "max": 1374,
        "p(90)": 43,
        "p(95)": 58
      },
      "thresholds": {
        "p(95)<5000": {
          "ok": true
        },
        "p(99)<10000": {
          "ok": true
        }
      }
    },
    "http_req_waiting": {
      "type": "trend",
      "contains": "time",
      "values": {
        "med": 6.966255,
        "max": 1217.143332,
        "p(90)": 17.135708,
        "p(95)": 22.144751,
        "avg": 13.82508405899762,
        "min": 0.300994
      }
    },
    "http_req_receiving": {
      "type": "trend",
      "contains": "time",
      "values": {
        "avg": 0.5405038979040324,
        "min": 0.023815,
        "med": 0.111015,
        "max": 108.878491,
        "p(90)": 1.695186,
        "p(95)": 2.619566
      }
    }
  },
  "root_group": {
    "name": "",
    "path": "",
    "id": "d41d8cd98f00b204e9800998ecf8427e",
    "groups": [
      {
        "name": "Browse Products",
        "path": "::Browse Products",
        "id": "f6cef59f9851849e1f53fd23db8a9c33",
        "groups": [],
        "checks": [
            {
              "name": "Homepage OK",
              "path": "::Browse Products::Homepage OK",
              "id": "da7db1ad6959c5af730efb33cdd575e0",
              "passes": 7810,
              "fails": 0
            },
            {
              "name": "Category OK",
              "path": "::Browse Products::Category OK",
              "id": "37a6cdfdd430a30f273e9577970b2cda",
              "passes": 6248,
              "fails": 1562
            },
            {
              "name": "Product OK",
              "path": "::Browse Products::Product OK",
              "id": "ad2bb125d057cd32af54bf5dadf3e2c3",
              "passes": 380,
              "fails": 7430
            }
          ]
      },
      {
        "groups": [],
        "checks": [
            {
              "name": "Login OK",
              "path": "::Place Order::Login OK",
              "id": "dbf715d8e8bd5bb5a6326d70bbfccd34",
              "passes": 1103,
              "fails": 0
            },
            {
              "passes": 47,
              "fails": 1056,
              "name": "Add to cart OK",
              "path": "::Place Order::Add to cart OK",
              "id": "7a454836841e0210a45d210ad670f415"
            },
            {
              "id": "c3116bbbab00bae3f7a56a5ea92d04e5",
              "passes": 1103,
              "fails": 0,
              "name": "Order OK",
              "path": "::Place Order::Order OK"
            }
          ],
        "name": "Place Order",
        "path": "::Place Order",
        "id": "d3d79b55111b80da792ea5c4e141d563"
      },
      {
        "path": "::Add to Cart",
        "id": "f69bc36c506f7f66f9fb8e32c13f9cb4",
        "groups": [],
        "checks": [
            {
              "name": "Login OK",
              "path": "::Add to Cart::Login OK",
              "id": "969aedc1f8bc4c5f1eb13876ba66bced",
              "passes": 2263,
              "fails": 0
            },
            {
              "name": "Cart add OK",
              "path": "::Add to Cart::Cart add OK",
              "id": "bc168864c0708adca13e78c72a169d7d",
              "passes": 103,