{
  "metrics": {
    "order_response_time": {
      "type": "trend",
      "contains": "time",
      "values": {
        "avg": 42.73103448275862,
        "min": 21,
        "med": 30,
        "max": 1022,
        "p(90)": 43,
        "p(95)": 53
      },
      "thresholds": {
        "p(95)<5000": {
          "ok": true
        },
        "p(99)<10000": {
          "ok": true
        }
      }
    },
    "http_req_sending": {
      "type": "trend",
      "contains": "time",
      "values": {
        "min": 0.008659,
        "med": 0.024788,
        "max": 10.210041,
        "p(90)": 0.049774799999999994,
        "p(95)": 0.06004269999999999,
        "avg": 0.04209716537323681
      }
    },
    "browse_response_time": {
      "contains": "time",
      "values": {
        "min": 9,
        "med": 29,
        "max": 1049,
        "p(90)": 46,
        "p(95)": 56,
        "avg": 41.78499333460293
      },
      "type": "trend"
    },
    "http_reqs": {
      "type": "counter",
      "contains": "default",
      "values": {
        "count": 23323,
        "rate": 76.51001157914646
      }
    },
    "http_req_connecting": {
      "type": "trend",
      "contains": "time",
      "values": {
        "med": 0,
        "max": 10.906197,
        "p(90)": 0,
        "p(95)": 0,
        "avg": 0.01646597478883506,
        "min": 0
      }
    },
    "http_req_failed": {
      "values": {
        "fails": 15118,
        "rate": 0.35179865368949104,
        "passes": 8205
      },
      "type": "rate",
      "contains": "default"
    },
    "checks": {
      "type": "rate",
      "contains": "default",
      "values": {
        "rate": 0.6089132507149666,
        "passes": 12775,
        "fails": 8205
      }
    },
    "http_req_duration": {
      "type": "trend",
      "contains": "time",
      "values": {
        "med": 7.141744,
        "max": 812.216592,
        "p(90)": 18.506934199999996,
        "p(95)": 23.710513799999994,
        "avg": 13.041529690820232,
        "min": 0.356073
      }
    },
    "http_req_receiving": {
      "type": "trend",
      "contains": "time",
      "values": {
        "max": 148.146144,
        "p(90)": 1.7614225999999995,
        "p(95)": 2.5678155999999968,
        "avg": 0.5532622324743808,
        "min": 0.022769,
        "med": 0.1112
      }
    },
    "iterations": {
      "type": "counter",
      "contains": "default",
      "values": {
        "count": 7502,
        "rate": 24.609960419618265
      }
    },
    "data_received": {
      "type": "counter",
      "contains": "data",
      "values": {
        "count": 661855232,
        "rate": 2171185.159029227
      }
    },
    "iteration_duration": {
      "type": "trend",
      "contains": "time",
      "values": {
        "p(95)": 4931.9787841,
        "avg": 4028.8699616487534,
        "min": 3016.193519,
        "med": 4026.600568,
        "max": 5937.874475,
        "p(90)": 4822.7960005
      }
    },
    "http_req_duration{expected_response:true}": {
      "values": {
        "avg": 15.669261182894662,
        "min": 0.356073,
        "med": 10.329736,
        "max": 812.216592,
        "p(90)": 20.696806200000008,
        "p(95)": 26.50653029999999
      },
      "type": "trend",
      "contains": "time"
    },
    "http_req_tls_handshaking": {
      "type": "trend",
      "contains": "time",
      "values": {
        "p(95)": 0,
        "avg": 0,
        "min": 0,
        "med": 0,
        "max": 0,
        "p(90)": 0
      }
    },
    "vus": {
      "type": "gauge",
      "contains": "default",
      "values": {
        "min": 9,
        "max": 100,
        "value": 9
      }
    },
    "http_req_waiting": {
      "type": "trend",
      "contains": "time",
      "values": {
        "avg": 12.446170292972626,
        "min": 0.297844,
        "med": 6.959572,
        "max": 807.010105,
        "p(90)": 17.0597024,
        "p(95)": 21.75485309999997
      }
    },
    "group_duration": {
      "type": "trend",
      "contains": "time",
      "values": {
        "max": 5937.536197,
        "p(90)": 4822.6857375,
        "p(95)": 4931.89790455,
        "avg": 4028.76664459357,
        "min": 3016.094769,
        "med": 4026.44085
      }
    },
    "total_orders": {
      "contains": "default",
      "values": {
        "count": 28,
        "rate": 0.09185269151550406
      },
      "type": "counter"
    },
    "data_sent": {
      "type": "counter",
      "contains": "data",
      "values": {
        "count": 6558959,
        "rate": 21516.35848892282
      }
    },
    "cart_response_time": {
      "values": {
        "max": 995,
        "p(90)": 41.5,
        "p(95)": 54,
        "avg": 38.33617300131061,
        "min": 20,
        "med": 29
      },
      "type": "trend",
      "contains": "time"
    },
    "vus_max": {
      "type": "gauge",
      "contains": "default",
      "values": {
        "value": 100,
        "min": 100,
        "max": 100
      }
    },
    "http_req_blocked": {
      "type": "trend",
      "contains": "time",
      "values": {
        "min": 0.003265,
        "med": 0.006626,
        "max": 11.02016,
        "p(90)": 0.0133616,
        "p(95)": 0.021366899999999998,
        "avg": 0.02721014972344878
      }
    },
    "error_rate": {
      "type": "rate",
      "contains": "default",
      "values": {
        "rate": 0.9591292758773878,
        "passes": 2159,
        "fails": 92
      },
      "thresholds": {
        "rate<0.01": {
          "ok": false
        }
      }
    }
  },
  "root_group": {
    "groups": [
      {
        "name": "Browse Products",
        "path": "::Browse Products",
        "id": "f6cef59f9851849e1f53fd23db8a9c33",
        "groups": [],
        "checks": [
            {
              "passes": 5251,
              "fails": 0,
              "name": "Homepage OK",
              "path": "::Browse Products::Homepage OK",
              "id": "da7db1ad6959c5af730efb33cdd575e0"
            },
            {
              "name": "Category OK",
              "path": "::Browse Products::Category OK",
              "id": "37a6cdfdd430a30f273e9577970b2cda",
              "passes": 4213,
              "fails": 1038
            },
            {
              "fails": 5008,
              "name": "Product OK",
              "path": "::Browse Products::Product OK",
              "id": "ad2bb125d057cd32af54bf5dadf3e2c3",
              "passes": 243
            }
          ]
      },
      {
        "checks": [
          {
            "passes": 725,
            "fails": 0,
            "name": "Login OK",
            "path": "::Place Order::Login OK",
            "id": "dbf715d8e8bd5bb5a6326d70bbfccd34"
          },
          {
            "name": "Add to cart OK",
            "path": "::Place Order::Add to cart OK",
            "id": "7a454836841e0210a45d210ad670f415",
            "passes": 28,
            "fails": 697
          },
          {
            "name": "Order OK",
            "path": "::Place Order::Order OK",
            "id": "c3116bbbab00bae3f7a56a5ea92d04e5",
            "passes": 725,
            "fails": 0
          }
        ],
        "name": "Place Order",
        "path": "::Place Order",
        "id": "d3d79b55111b80da792ea5c4e141d563",
        "groups": []
      },
      {
        "id": "f69bc36c506f7f66f9fb8e32c13f9cb4",
        "groups": [],
        "checks": [
            {
              "name": "Login OK",
              "path": "::Add to Cart::Login OK",
              "id": "969aedc1f8bc4c5f1eb13876ba66bced",
              "passes": 1526,
              "fails": 0
            },
            {
              "path": "::Add to Cart::Cart add OK",
              "id": "bc168864c0708adca13e78c72a169d7d",
              "passes": 64,
              "fails": 1462,
              "name": "Cart add OK"
            }
          ],
        "name": "Add to Cart",
        "path": "::Add to Cart"
      }
    ],
    "checks": [],
    "name": "",
    "path": "",
    "id": "d41d8cd98f00b204e9800998ecf8427e"
  },